fileURL,fileExt
https://i.imgur.com/FgKH0Xe.jpg,.jpg
https://i.imgur.com/2S91xdW.jpg,.jpg
https://i.imgur.com/mSwTMer.jpg,.jpg
https://i.imgur.com/KVOh60G.jpg,.jpg
https://i.imgur.com/LpI7FOB.jpg,.jpg
https://i.imgur.com/DNMgPGc.jpg,.jpg
https://i.imgur.com/8UAwQeQ.jpg,.jpg
https://i.imgur.com/cVGt5GN.jpg,.jpg
https://i.imgur.com/RKMTx4Q.jpg,.jpg
https://i.imgur.com/5zwtTZ6.jpg,.jpg
https://i.imgur.com/Df4PQHm.jpg,.jpg
https://i.imgur.com/nKXW8xm.jpg,.jpg
https://i.imgur.com/iNKXsVh.jpg,.jpg
https://i.imgur.com/LJg557E.jpg,.jpg
https://i.imgur.com/RK8h6rJ.jpg,.jpg
https://i.imgur.com/UYfp8wh.jpg,.jpg
https://i.imgur.com/VhpufNu.jpg,.jpg
https://i.imgur.com/oicN5Qe.jpg,.jpg
https://i.imgur.com/rQvUuBb.jpg,.jpg
https://i.imgur.com/hROfaPX.jpg,.jpg
https://i.imgur.com/wMFOcv5.jpg,.jpg
https://i.imgur.com/opQzvgM.jpg,.jpg
https://i.imgur.com/4aXDApM.jpg,.jpg
https://i.imgur.com/HinniaO.jpg,.jpg
https://i.imgur.com/7zpJI86.jpg,.jpg
https://i.imgur.com/CJeJFo4.jpg,.jpg
https://i.imgur.com/wjWPeH4.jpg,.jpg
https://i.imgur.com/6boshxw.jpg,.jpg
https://i.imgur.com/4MxP4lM.jpg,.jpg
https://i.imgur.com/h0W9lmk.jpg,.jpg
https://i.imgur.com/7vo9BUO.jpg,.jpg
https://i.imgur.com/VwOS5ot.jpg,.jpg
https://i.imgur.com/Qyb0C6x.jpg,.jpg
https://i.imgur.com/LNbaWwu.jpg,.jpg
https://i.imgur.com/WAkfngf.jpg,.jpg
https://i.imgur.com/x03prya.jpg,.jpg
https://i.imgur.com/XeLsvcf.jpg,.jpg
https://i.imgur.com/4x6IQDX.jpg,.jpg
https://i.imgur.com/IO3inbH.jpg,.jpg
https://i.imgur.com/qTpiVxN.jpg,.jpg
